<application>
  <component name="MaterialThemeNewConfig">
    <option name="accentState">
      <MTAccentConfigState>
        <option name="accentColorHex" value="84ffff" />
      </MTAccentConfigState>
    </option>
    <option name="compactState">
      <MTCompactConfigState>
        <option name="compactDropdowns" value="true" />
        <option name="compactListItems" value="true" />
        <option name="compactMenus" value="true" />
        <option name="compactTables" value="true" />
        <option name="customListItemSize" value="26" />
      </MTCompactConfigState>
    </option>
    <option name="metadata">
      <MTMetadataState>
        <option name="pristineConfig" value="false" />
        <option name="userId" value="-40e0ef48:19504b8a6a7:-8000" />
        <option name="version" value="9.7.0" />
      </MTMetadataState>
    </option>
    <option name="tabsState">
      <MTTabsConfigState>
        <option name="animatedTabs" value="false" />
        <option name="tabsHeight" value="24" />
      </MTTabsConfigState>
    </option>
    <option name="themeState">
      <MTThemeConfigState>
        <option name="selectedThemeName" value="DEEPOCEAN" />
      </MTThemeConfigState>
    </option>
  </component>
</application>