<application>
  <component name="FindSettings">
    <option name="customScope" value="Project Files" />
    <option name="defaultScopeName" value="Project Files" />
    <option name="SEARCH_SCOPE" value="Project Files" />
    <mask>*.html</mask>
    <mask>*.xml</mask>
    <mask>*.inc</mask>
    <mask>*.php5</mask>
    <mask>*.php4</mask>
    <mask>*.phtml</mask>
    <mask>*.module</mask>
    <mask>*.hphp</mask>
    <mask>*.ctp</mask>
    <mask />
    <mask>*.css</mask>
    <mask>*Repository.php</mask>
    <mask>*datatable.php</mask>
    <mask>*.scss</mask>
    <mask>*Controller.php</mask>
    <mask>*test.php</mask>
    <mask>*Factory.php</mask>
    <mask>*Service.php</mask>
    <mask>*.js</mask>
    <mask>*.vue</mask>
    <mask>*.php</mask>
    <mask>*.blade.php</mask>
    <mask>*.blade.php</mask>
  </component>
</application>