<application>
  <component name="NodeJsLocalInterpreterManager">
    <local-interpreter path="$USER_HOME$/.nvm/versions/node/v20.18.1/bin/node">
      <version-cache version="20.18.1" last-modified="1732110983000" />
    </local-interpreter>
    <local-interpreter path="$USER_HOME$/.nvm/versions/node/v20.18.0/bin/node">
      <version-cache version="20.18.0" last-modified="1727944246000" />
    </local-interpreter>
    <local-interpreter path="$USER_HOME$/.nvm/versions/node/v14.21.3/bin/node">
      <version-cache version="14.21.3" last-modified="1676560929000" />
    </local-interpreter>
  </component>
</application>