<application>
  <component name="CachedDictionaryState">
    <words>
      <w>classificacao</w>
      <w>criterios</w>
      <w>declaracao</w>
      <w>eletronica</w>
      <w>eletronicas</w>
      <w>eletronico</w>
      <w>epidemiologica</w>
      <w>esaude</w>
      <w>historico</w>
      <w>inconsistencia</w>
      <w>informacoes</w>
      <w>laboratorio</w>
      <w>laboratorios</w>
      <w>mantem</w>
      <w>midias</w>
      <w>minimas</w>
      <w>minimo</w>
      <w>necessarias</w>
      <w>padrao</w>
      <w>permissao</w>
      <w>recem</w>
      <w>redesim</w>
      <w>reguluacao</w>
      <w>relaorio</w>
      <w>remume</w>
      <w>variavel</w>
      <w>vigilancia</w>
    </words>
  </component>
</application>