<application>
  <component name="DimensionService">
    <location key="find.popup.0.0.1600.900" x="240" y="45" />
    <location key="find.popup.1600.0.1360.768" x="208" y="27" />
    <location key="find.popup.1600.0.1600.900" x="1807" y="32" />
    <location key="find.popup.1600.0.1366.768" x="237" y="46" />
    <size key="find.popup.0.0.1600.900" width="1226" height="713" />
    <size key="find.popup.1600.0.1360.768" width="1225" height="660" />
    <size key="GridCell.Tab.0.left.0.0.1600.900" width="369" height="234" />
    <size key="GridCell.Tab.0.center.0.0.1600.900" width="369" height="234" />
    <size key="GridCell.Tab.0.right.0.0.1600.900" width="369" height="234" />
    <size key="GridCell.Tab.0.bottom.0.0.1600.900" width="369" height="234" />
    <size key="GridCell.Tab.0.left.1600.0.1360.768" width="282" height="176" />
    <size key="GridCell.Tab.0.center.1600.0.1360.768" width="282" height="176" />
    <size key="GridCell.Tab.0.right.1600.0.1360.768" width="282" height="176" />
    <size key="GridCell.Tab.0.bottom.1600.0.1360.768" width="282" height="176" />
    <size key="find.popup.1600.0.1600.900" width="1226" height="682" />
    <size key="GridCell.Tab.0.left.1600.0.1366.768" width="534" height="656" />
    <size key="GridCell.Tab.0.center.1600.0.1366.768" width="534" height="656" />
    <size key="GridCell.Tab.0.right.1600.0.1366.768" width="534" height="656" />
    <size key="GridCell.Tab.0.bottom.1600.0.1366.768" width="534" height="656" />
    <size key="find.popup.1600.0.1366.768" width="1226" height="713" />
  </component>
  <component name="WindowManager">
    <frame x="0" y="32" width="1600" height="868" extendedState="6" />
  </component>
  <component name="WindowStateApplicationService">
    <state width="818" height="437" key="ShowUsagesActions.dimensionServiceKey" timestamp="1746035111636">
      <screen x="0" y="0" width="1600" height="900" />
    </state>
    <state width="818" height="437" key="ShowUsagesActions.dimensionServiceKey/0.0.1600.900/1600.0.1366.768" timestamp="1746035111636" />
  </component>
</application>