<application>
  <component name="DimensionService">
    <location key="find.popup.0.0.1600.900" x="210" y="33" />
    <location key="find.popup.1600.0.1360.768" x="208" y="27" />
    <location key="find.popup.1600.0.1600.900" x="1807" y="32" />
    <size key="find.popup.0.0.1600.900" width="1226" height="682" />
    <size key="find.popup.1600.0.1360.768" width="1225" height="660" />
    <size key="GridCell.Tab.0.left.0.0.1600.900" width="275" height="237" />
    <size key="GridCell.Tab.0.center.0.0.1600.900" width="275" height="237" />
    <size key="GridCell.Tab.0.right.0.0.1600.900" width="275" height="237" />
    <size key="GridCell.Tab.0.bottom.0.0.1600.900" width="275" height="237" />
    <size key="GridCell.Tab.0.left.1600.0.1360.768" width="282" height="176" />
    <size key="GridCell.Tab.0.center.1600.0.1360.768" width="282" height="176" />
    <size key="GridCell.Tab.0.right.1600.0.1360.768" width="282" height="176" />
    <size key="GridCell.Tab.0.bottom.1600.0.1360.768" width="282" height="176" />
    <size key="find.popup.1600.0.1600.900" width="1226" height="682" />
    <size key="GridCell.Tab.0.left.1600.0.1366.768" width="534" height="656" />
    <size key="GridCell.Tab.0.center.1600.0.1366.768" width="534" height="656" />
    <size key="GridCell.Tab.0.right.1600.0.1366.768" width="534" height="656" />
    <size key="GridCell.Tab.0.bottom.1600.0.1366.768" width="534" height="656" />
  </component>
  <component name="WindowManager">
    <frame x="48" y="32" width="776" height="868" extendedState="6" />
  </component>
  <component name="WindowStateApplicationService">
    <state width="460" height="130" key="ShowUsagesActions.dimensionServiceKey" timestamp="1737643529974">
      <screen x="0" y="0" width="1600" height="900" />
    </state>
    <state width="460" height="130" key="ShowUsagesActions.dimensionServiceKey/0.0.1600.900/1600.0.1366.768" timestamp="1737643529974" />
    <state width="895" height="107" key="ShowUsagesActions.dimensionServiceKey/0.0.1600.900/1600.0.1600.900" timestamp="1735590638617" />
    <state width="1471" height="307" key="ShowUsagesActions.dimensionServiceKey/0.27.1600.873/1600.0.1360.768" timestamp="1732299130074" />
    <state width="1358" height="107" key="ShowUsagesActions.dimensionServiceKey/0.27.1600.873/1600.0.1366.768" timestamp="1732900578780" />
    <state width="703" height="693" key="ShowUsagesActions.dimensionServiceKey/48.32.1552.868/1600.0.1366.768" timestamp="1734027774199" />
  </component>
</application>