<application>
  <component name="LogHighlightingSettings">
    <highlightingPatterns>
      <LogHighlightingPattern pattern="^\s*(e(rror)?|severe)\s*$" captureGroup="-1" action="HIGHLIGHT_LINE" fg="{&quot;lightRgb&quot;:-39836,&quot;darkRgb&quot;:-39836}" bold="true" uuid="de2d3bb2-78c9-4beb-835e-d483c35c07b6" />
      <LogHighlightingPattern pattern="^\s*w(arn(ing)?)?\s*$" captureGroup="-1" action="HIGHLIGHT_LINE" fg="{&quot;lightRgb&quot;:-6329600,&quot;darkRgb&quot;:-6329600}" bold="true" uuid="11ff1574-2118-4722-905a-61bec89b079e" />
      <LogHighlightingPattern pattern="^\s*i(nfo)?\s*$" captureGroup="-1" action="HIGHLIGHT_LINE" fg="{&quot;lightRgb&quot;:-10316203,&quot;darkRgb&quot;:-10316203}" uuid="5e882ebc-2179-488b-8e1a-2fe488636f36" />
      <LogHighlightingPattern pattern="^\s*notice\s*$" formatId="cfac4fb8-ee2c-489b-915c-ed35465a0ef8" captureGroup="-1" action="HIGHLIGHT_LINE" fg="{&quot;lightRgb&quot;:-8355712,&quot;darkRgb&quot;:-8355712}" uuid="6d001b03-b4a6-4f2c-92e9-edfc0dd2426d" />
      <LogHighlightingPattern pattern="^.*error\s*$" formatId="cfac4fb8-ee2c-489b-915c-ed35465a0ef8" captureGroup="-1" action="HIGHLIGHT_LINE" fg="{&quot;lightRgb&quot;:-39836,&quot;darkRgb&quot;:-39836}" bold="true" stripe="true" uuid="4782555d-3acc-47fa-abf7-11703cdb696f" />
      <LogHighlightingPattern pattern="^\s*critical\s*$" formatId="c1c8800e-b27c-4433-8d4a-3ec5a28f72a9" captureGroup="-1" action="HIGHLIGHT_LINE" fg="{&quot;lightRgb&quot;:-39836,&quot;darkRgb&quot;:-39836}" bold="true" stripe="true" uuid="7c200213-209d-4f39-b639-3b464f72fe3f" />
      <LogHighlightingPattern pattern="^\s*debug\s*$" formatId="c1c8800e-b27c-4433-8d4a-3ec5a28f72a9" captureGroup="-1" action="HIGHLIGHT_LINE" fg="{&quot;lightRgb&quot;:-8355712,&quot;darkRgb&quot;:-8355712}" uuid="e1e6d24f-c8d8-4d84-8949-0760d81398fa" />
      <LogHighlightingPattern pattern="^.*error\s*$" formatId="cfac4fb8-ee2c-489b-915c-ed35465a0ef8" captureGroup="-1" action="HIGHLIGHT_LINE" fg="{&quot;lightRgb&quot;:-2088928,&quot;darkRgb&quot;:-39836}" bold="true" uuid="ebea071d-a83b-4473-8534-50a99088fc45" />
      <LogHighlightingPattern pattern="^\s*notice\s*$" captureGroup="-1" action="HIGHLIGHT_LINE" fg="{&quot;lightRgb&quot;:-8355712,&quot;darkRgb&quot;:-8355712}" uuid="6f107f42-017e-49b3-85f1-85d0f5963f7c" />
      <LogHighlightingPattern pattern="^\s*critical\s*$" captureGroup="-1" action="HIGHLIGHT_LINE" fg="{&quot;lightRgb&quot;:-2088928,&quot;darkRgb&quot;:-39836}" bold="true" uuid="590a497a-8f79-42a7-b69f-25c8a12a0791" />
      <LogHighlightingPattern pattern="^\s*debug\s*$" captureGroup="-1" action="HIGHLIGHT_LINE" fg="{&quot;lightRgb&quot;:-8355712,&quot;darkRgb&quot;:-8355712}" uuid="a0f8f2c4-5ac9-4185-a38f-ca6eb2002399" />
    </highlightingPatterns>
    <parsingPatterns>
      <LogParsingPattern enabled="false" name="Pipe-separated" pattern="^(?s)([^|]*)\|([^|]*)\|([^|]*)\|(.*)$" timePattern="HH:mm:ss.SSS" linePattern="^\d" timeId="0" severityId="1" categoryId="2" uuid="b5772998-bf1e-4d9d-ab41-da0b86451163" />
      <LogParsingPattern enabled="false" name="IntelliJ IDEA" pattern="^([^\[]+)(\[[\s\d]+])\s*(\w*)\s*-\s*(\S*)\s*-(.+)$" timePattern="yyyy-MM-dd HH:mm:ss,SSS" linePattern="^\d" timeId="0" severityId="2" categoryId="3" uuid="8a0e8992-94cb-4f4c-8be2-42b03609626b" />
      <LogParsingPattern enabled="false" name="TeamCity build log" pattern="^\[([^]]+)](.):\s*(\[[^]]+])?(.*)$" timePattern="HH:mm:ss" linePattern="^\[" timeId="0" severityId="1" categoryId="2" uuid="e9fa2755-8390-42f5-a41e-a909c58c8cf9" />
      <LogParsingPattern enabled="false" name="Loguru" pattern="^(\d{4}-\d{2}-\d{2}\s\d{2}:\d{2}:\d{2}\.\d{3}\s)\|(\s[A-Z]*\s*)\|(\s.+:.+:\d+\s-\s.*)$" timePattern="yyyy-MM-dd HH:mm:ss.SSS" linePattern="^\d" timeId="0" severityId="1" categoryId="2" uuid="19dd1738-1dc7-4df6-b437-18e0800b7782" />
      <LogParsingPattern enabled="false" name="Logcat" pattern="^(.+)(?:\s+\d*\s+\d*\s+)(V|D|I|W|E)\s([^:]+):(.*)$" timePattern="MM:dd HH:mm:ss.mmm" linePattern="^\d" timeId="0" severityId="1" categoryId="2" uuid="b8fcb4d4-b1b8-4681-90f1-42f7c02aaf67" />
      <LogParsingPattern enabled="false" name="WordPress" pattern="^\[([\w\-:\s]+)]\s(\w+)\s([^:]+):\s(.*)$" timePattern="dd-MM-yyyy HH:mm:ss" linePattern="^\[" timeId="0" severityId="2" uuid="66efc52f-187a-4883-beae-a44c1a63257e" />
      <LogParsingPattern enabled="false" name="Symfony" pattern="^\[([\d\-T:\+\.)]+)\]\s(\w+)\.([A-Z]+):\s(.*)$" timePattern="yyyy-MM-dd'T'HH:mm:ss.SSSSSSXXX" linePattern="^\[" timeId="0" severityId="2" categoryId="1" uuid="e541717f-173d-4302-81ca-c2aea3f8017d" />
      <LogParsingPattern enabled="false" name="Laravel" pattern="^\[([\d\-: ]*)] (?!:)[\s\S]*?\.(.*?(?=:)): ([\s\S]*?(?=(^\[[\d\-: ]*])|\Z))$" timePattern="yyyy-MM-dd HH:mm:ss" linePattern="^\[\d" timeId="0" severityId="1" uuid="28f252be-cdbe-4bf9-9012-a2b409557a4f" />
      <LogParsingPattern name="WordPress" pattern="^\[([\w\-:\s]+)]\s(\w+)\s([^:]+):\s(.*)$" timePattern="dd-MM-yyyy HH:mm:ss" linePattern="^\[" timeId="0" severityId="2" uuid="cfac4fb8-ee2c-489b-915c-ed35465a0ef8" />
      <LogParsingPattern name="Symfony" pattern="^\[([\d\-T:\+\.)]+)\]\s(\w+)\.([A-Z]+):\s(.*)$" timePattern="yyyy-MM-dd'T'HH:mm:ss.SSSSSSXXX" linePattern="^\[" timeId="0" severityId="2" categoryId="1" uuid="709d5670-3ee7-46fd-8baf-af40c3fb6f3b" />
      <LogParsingPattern name="Laravel" pattern="^\[([\d\-: ]*)] (?!:)[\s\S]*?\.(.*?(?=:)): ([\s\S]*?(?=(^\[[\d\-: ]*])|\Z))$" timePattern="yyyy-MM-dd HH:mm:ss" linePattern="^\[\d" timeId="0" severityId="1" uuid="b1f4f41b-d1b9-4782-ac27-07ee65710a73" />
    </parsingPatterns>
    <settingsVersion>13</settingsVersion>
    <readonlySizeThreshold>20971520</readonlySizeThreshold>
    <externalParsingPatterns>
      <LogParsingPattern name="WordPress" pattern="^\[([\w\-:\s]+)]\s(\w+)\s([^:]+):\s(.*)$" timePattern="dd-MM-yyyy HH:mm:ss" linePattern="^\[" timeId="0" severityId="2" uuid="cfac4fb8-ee2c-489b-915c-ed35465a0ef8" />
      <LogParsingPattern name="Symfony" pattern="^\[([\d\-T:\+\.)]+)\]\s(\w+)\.([A-Z]+):\s(.*)$" timePattern="yyyy-MM-dd'T'HH:mm:ss.SSSSSSXXX" linePattern="^\[" timeId="0" severityId="2" categoryId="1" uuid="709d5670-3ee7-46fd-8baf-af40c3fb6f3b" />
      <LogParsingPattern name="Laravel" pattern="^\[([\d\-: ]*)] (?!:)[\s\S]*?\.(.*?(?=:)): ([\s\S]*?(?=(^\[[\d\-: ]*])|\Z))$" timePattern="yyyy-MM-dd HH:mm:ss" linePattern="^\[\d" timeId="0" severityId="1" uuid="b1f4f41b-d1b9-4782-ac27-07ee65710a73" />
    </externalParsingPatterns>
    <externalHighlightingPatterns>
      <LogHighlightingPattern pattern="^.*error\s*$" formatId="cfac4fb8-ee2c-489b-915c-ed35465a0ef8" captureGroup="-1" action="HIGHLIGHT_LINE" fg="{&quot;lightRgb&quot;:-2088928,&quot;darkRgb&quot;:-39836}" bold="true" uuid="ebea071d-a83b-4473-8534-50a99088fc45" />
      <LogHighlightingPattern pattern="^\s*notice\s*$" captureGroup="-1" action="HIGHLIGHT_LINE" fg="{&quot;lightRgb&quot;:-8355712,&quot;darkRgb&quot;:-8355712}" uuid="6f107f42-017e-49b3-85f1-85d0f5963f7c" />
      <LogHighlightingPattern pattern="^\s*critical\s*$" captureGroup="-1" action="HIGHLIGHT_LINE" fg="{&quot;lightRgb&quot;:-2088928,&quot;darkRgb&quot;:-39836}" bold="true" uuid="590a497a-8f79-42a7-b69f-25c8a12a0791" />
      <LogHighlightingPattern pattern="^\s*debug\s*$" captureGroup="-1" action="HIGHLIGHT_LINE" fg="{&quot;lightRgb&quot;:-8355712,&quot;darkRgb&quot;:-8355712}" uuid="a0f8f2c4-5ac9-4185-a38f-ca6eb2002399" />
    </externalHighlightingPatterns>
  </component>
</application>