<application>
  <component name="MaterialThemeNewConfig">
    <option name="accentState">
      <MTAccentConfigState>
        <option name="accentColorHex" value="84ffff" />
      </MTAccentConfigState>
    </option>
    <option name="compactState">
      <MTCompactConfigState>
        <option name="compactDropdowns" value="true" />
        <option name="compactListItems" value="true" />
        <option name="compactMenus" value="true" />
        <option name="compactTables" value="true" />
        <option name="customListItemSize" value="26" />
      </MTCompactConfigState>
    </option>
    <option name="favoriteThemesState">
      <MTFavoriteThemesConfigState>
        <option name="favoriteThemes">
          <map>
            <entry key="371dce76-a3c5-4429-91af-41cf86094744">
              <value>
                <MTFavoriteTheme />
              </value>
            </entry>
            <entry key="64bac2a8-9558-4b8a-a0e0-a4017ec9114b">
              <value>
                <MTFavoriteTheme />
              </value>
            </entry>
            <entry key="ARC_DARK">
              <value>
                <MTFavoriteTheme />
              </value>
            </entry>
            <entry key="DARKER">
              <value>
                <MTFavoriteTheme />
              </value>
            </entry>
            <entry key="DEEPOCEAN">
              <value>
                <MTFavoriteTheme />
              </value>
            </entry>
            <entry key="DRACULA">
              <value>
                <MTFavoriteTheme />
              </value>
            </entry>
            <entry key="Darcula">
              <value>
                <MTFavoriteTheme />
              </value>
            </entry>
            <entry key="ExperimentalDark">
              <value>
                <MTFavoriteTheme />
              </value>
            </entry>
            <entry key="ExperimentalLight">
              <value>
                <MTFavoriteTheme />
              </value>
            </entry>
            <entry key="ExperimentalLightWithLightHeader">
              <value>
                <MTFavoriteTheme />
              </value>
            </entry>
            <entry key="FOREST">
              <value>
                <MTFavoriteTheme />
              </value>
            </entry>
            <entry key="GITHUB">
              <value>
                <MTFavoriteTheme />
              </value>
            </entry>
            <entry key="GITHUB_DARK">
              <value>
                <MTFavoriteTheme />
              </value>
            </entry>
            <entry key="IntelliJ">
              <value>
                <MTFavoriteTheme />
              </value>
            </entry>
            <entry key="Islands Dark">
              <value>
                <MTFavoriteTheme />
              </value>
            </entry>
            <entry key="Islands Light">
              <value>
                <MTFavoriteTheme />
              </value>
            </entry>
            <entry key="JetBrainsHighContrastTheme">
              <value>
                <MTFavoriteTheme />
              </value>
            </entry>
            <entry key="JetBrainsLightTheme">
              <value>
                <MTFavoriteTheme />
              </value>
            </entry>
            <entry key="LIGHTER">
              <value>
                <MTFavoriteTheme />
              </value>
            </entry>
            <entry key="LIGHT_OWL">
              <value>
                <MTFavoriteTheme />
              </value>
            </entry>
            <entry key="MONOKAI">
              <value>
                <MTFavoriteTheme />
              </value>
            </entry>
            <entry key="MOONLIGHT">
              <value>
                <MTFavoriteTheme />
              </value>
            </entry>
            <entry key="NIGHT_OWL">
              <value>
                <MTFavoriteTheme />
              </value>
            </entry>
            <entry key="OCEANIC">
              <value>
                <MTFavoriteTheme />
              </value>
            </entry>
            <entry key="ONE_DARK">
              <value>
                <MTFavoriteTheme />
              </value>
            </entry>
            <entry key="ONE_LIGHT">
              <value>
                <MTFavoriteTheme />
              </value>
            </entry>
            <entry key="PALENIGHT">
              <value>
                <MTFavoriteTheme />
              </value>
            </entry>
            <entry key="SANDYBEACH">
              <value>
                <MTFavoriteTheme />
              </value>
            </entry>
            <entry key="SKYBLUE">
              <value>
                <MTFavoriteTheme />
              </value>
            </entry>
            <entry key="SOLARIZED_DARK">
              <value>
                <MTFavoriteTheme />
              </value>
            </entry>
            <entry key="SOLARIZED_LIGHT">
              <value>
                <MTFavoriteTheme />
              </value>
            </entry>
            <entry key="SPACE">
              <value>
                <MTFavoriteTheme />
              </value>
            </entry>
            <entry key="SYNTHWAVE">
              <value>
                <MTFavoriteTheme />
              </value>
            </entry>
            <entry key="VOLCANO">
              <value>
                <MTFavoriteTheme />
              </value>
            </entry>
            <entry key="d5477223-bf3a-4fd6-9738-2a18fa0ccf7b">
              <value>
                <MTFavoriteTheme />
              </value>
            </entry>
            <entry key="ee2824b3-c1d9-44fa-8b64-de6fe5dd8e37">
              <value>
                <MTFavoriteTheme />
              </value>
            </entry>
            <entry key="f8c76d9a-2c8d-4e4f-a327-d7b5c1ce6d3e">
              <value>
                <MTFavoriteTheme />
              </value>
            </entry>
          </map>
        </option>
      </MTFavoriteThemesConfigState>
    </option>
    <option name="metadata">
      <MTMetadataState>
        <option name="pristineConfig" value="false" />
        <option name="userId" value="-40e0ef48:19504b8a6a7:-8000" />
        <option name="version" value="10.5.0" />
      </MTMetadataState>
    </option>
    <option name="tabsState">
      <MTTabsConfigState>
        <option name="animatedTabs" value="false" />
        <option name="tabsHeight" value="24" />
      </MTTabsConfigState>
    </option>
    <option name="themeState">
      <MTThemeConfigState>
        <option name="selectedThemeName" value="DEEPOCEAN" />
      </MTThemeConfigState>
    </option>
  </component>
</application>