<application>
  <component name="BlockTerminalUsage">
    <option name="blockTerminalDisabledLastTimeMillis" value="1744815848784" />
    <option name="blockTerminalUsedLastTimeMillis" value="1744815838477" />
    <option name="blockTerminalUsedLastVersion" value="243.22562.74" />
    <shellToExecutedCommandsNumber>
      <entry key="zsh" value="2" />
    </shellToExecutedCommandsNumber>
  </component>
  <component name="ReworkedTerminalUsage"><![CDATA[{
  "feedbackNotificationShown": true,
  "enterKeyPressedTimes": 25
}]]></component>
  <component name="TerminalOptionsProvider">
    <option name="myShellPath" value="/usr/bin/zsh" />
  </component>
</application>