<keymap version="1" name="GNOME copy" parent="Default for GNOME">
  <action id="ActivateBookmarksToolWindow" />
  <action id="ActivateCommitToolWindow">
    <keyboard-shortcut first-keystroke="alt 2" />
  </action>
  <action id="ActivateFindToolWindow" />
  <action id="ActivateGitHubCopilotChatToolWindow">
    <keyboard-shortcut first-keystroke="alt 3" />
  </action>
  <action id="ActivateTerminalToolWindow">
    <keyboard-shortcut first-keystroke="alt 0" />
  </action>
  <action id="ChooseRunConfiguration">
    <keyboard-shortcut first-keystroke="shift alt f10" />
    <keyboard-shortcut first-keystroke="shift alt 0" />
  </action>
  <action id="CloseContent">
    <keyboard-shortcut first-keystroke="ctrl f4" />
    <keyboard-shortcut first-keystroke="ctrl alt back_space" />
  </action>
  <action id="Compare.SameVersion">
    <keyboard-shortcut first-keystroke="ctrl alt slash" />
  </action>
  <action id="Console.TableResult.ColumnSortReset" />
  <action id="CopyAbsolutePath">
    <keyboard-shortcut first-keystroke="shift ctrl alt c" />
  </action>
  <action id="CopyContentRootPath">
    <keyboard-shortcut first-keystroke="shift ctrl c" />
  </action>
  <action id="CopyPaths" />
  <action id="CopyReference" />
  <action id="DatabaseView.CopyDdlAction">
    <keyboard-shortcut first-keystroke="shift ctrl alt g" />
  </action>
  <action id="DatabaseView.PropertiesAction" />
  <action id="EditorCreateRectangularSelectionOnMouseDrag">
    <mouse-shortcut keystroke="shift alt button1" />
  </action>
  <action id="EditorLineEndWithSelection">
    <keyboard-shortcut first-keystroke="shift ctrl end" />
    <keyboard-shortcut first-keystroke="shift end" />
  </action>
  <action id="EditorLineStartWithSelection">
    <keyboard-shortcut first-keystroke="shift ctrl home" />
    <keyboard-shortcut first-keystroke="shift home" />
  </action>
  <action id="EditorPasteFromX11" />
  <action id="EditorStartNewLineBefore" />
  <action id="EditorTextEndWithSelection" />
  <action id="EditorTextStartWithSelection" />
  <action id="GotoDeclaration">
    <mouse-shortcut keystroke="control button1" />
    <keyboard-shortcut first-keystroke="ctrl alt enter" />
    <mouse-shortcut keystroke="button2" />
  </action>
  <action id="LocalHistory.ShowHistory">
    <keyboard-shortcut first-keystroke="ctrl alt back_slash" />
  </action>
  <action id="OpenInlineChatAction">
    <keyboard-shortcut first-keystroke="shift ctrl g" />
  </action>
  <action id="PinActiveEditorTab">
    <keyboard-shortcut first-keystroke="alt i" />
  </action>
  <action id="QuickActionPopup" />
  <action id="ReopenClosedTab">
    <keyboard-shortcut first-keystroke="shift ctrl alt back_space" />
  </action>
  <action id="ShowExecutionPoint" />
  <action id="ShowUsages">
    <keyboard-shortcut first-keystroke="ctrl alt 7" />
    <keyboard-shortcut first-keystroke="alt b" />
  </action>
  <action id="SurroundWith">
    <keyboard-shortcut first-keystroke="shift ctrl g" />
  </action>
  <action id="Terminal.CopySelectedText">
    <keyboard-shortcut first-keystroke="ctrl c" />
    <keyboard-shortcut first-keystroke="ctrl insert" />
  </action>
  <action id="Tree-selectLastExtendSelection" />
  <action id="Vcs.ShowTabbedFileHistory">
    <keyboard-shortcut first-keystroke="ctrl alt quote" />
  </action>
  <action id="copilot.chat.show" />
  <action id="org.intellij.plugins.markdown.ui.actions.styling.ToggleCodeSpanAction" />
</keymap>