<application>
  <component name="MaterialThemeNewConfig">
    <option name="accentState">
      <MTAccentConfigState>
        <option name="accentColorHex" value="6494ed" />
      </MTAccentConfigState>
    </option>
    <option name="metadata">
      <MTMetadataState>
        <option name="userId" value="-7cd9435b:1969a0aa584:-8000" />
        <option name="version" value="9.8.1" />
        <option name="wizardShown" value="true" />
      </MTMetadataState>
    </option>
    <option name="themeState">
      <MTThemeConfigState>
        <option name="selectedThemeName" value="NATIVE" />
      </MTThemeConfigState>
    </option>
  </component>
</application>