<application>
  <component name="ProjectManager">
    <defaultProject>
      <component name="ComposerSettings">
        <execution />
      </component>
      <component name="MaterialThemeProjectNewConfig">
        <option name="metadata">
          <MTProjectMetadataState>
            <option name="migrated" value="true" />
            <option name="pristineConfig" value="false" />
            <option name="userId" value="-7cd9435b:1969a0aa584:-7ffe" />
          </MTProjectMetadataState>
        </option>
      </component>
      <component name="PropertiesComponent">{}</component>
    </defaultProject>
  </component>
</application>