<application>
  <component name="Trusted.Paths">
    <option name="TRUSTED_PROJECT_PATHS">
      <map>
        <entry key="$USER_HOME$/genesis/e-saude" value="true" />
        <entry key="$USER_HOME$/genesis/e-saude-test" value="true" />
        <entry key="$USER_HOME$/genesis/e-social" value="true" />
        <entry key="$USER_HOME$/genesis/esaude-atualizacao" value="true" />
        <entry key="$USER_HOME$/personal-repositories/dev-workspace" value="true" />
        <entry key="$USER_HOME$/projeto_extensao/formularios-offline" value="true" />
        <entry key="$USER_HOME$/projeto_extensao/formularios-offline/formularios_offline" value="true" />
        <entry key="$USER_HOME$/rafael-viagem/Sistema-Viagens" value="true" />
        <entry key="$USER_HOME$/testes/teste" value="true" />
      </map>
    </option>
  </component>
  <component name="Trusted.Paths.Settings">
    <option name="TRUSTED_PATHS">
      <list>
        <option value="$USER_HOME$/genesis" />
        <option value="$USER_HOME$/personal-repositories" />
      </list>
    </option>
  </component>
</application>