<application>
  <component name="DimensionService">
    <location key="find.popup.0.0.1600.900" x="240" y="45" />
    <location key="find.popup.1600.0.1360.768" x="208" y="27" />
    <location key="find.popup.1600.0.1600.900" x="1807" y="32" />
    <location key="find.popup.1600.0.1366.768" x="237" y="46" />
    <location key="find.popup.0.0.2560.1440" x="841" y="81" />
    <size key="find.popup.0.0.1600.900" width="1226" height="713" />
    <size key="find.popup.1600.0.1360.768" width="1225" height="660" />
    <size key="GridCell.Tab.0.left.0.0.1600.900" width="369" height="234" />
    <size key="GridCell.Tab.0.center.0.0.1600.900" width="369" height="234" />
    <size key="GridCell.Tab.0.right.0.0.1600.900" width="369" height="234" />
    <size key="GridCell.Tab.0.bottom.0.0.1600.900" width="369" height="234" />
    <size key="GridCell.Tab.0.left.1600.0.1360.768" width="282" height="176" />
    <size key="GridCell.Tab.0.center.1600.0.1360.768" width="282" height="176" />
    <size key="GridCell.Tab.0.right.1600.0.1360.768" width="282" height="176" />
    <size key="GridCell.Tab.0.bottom.1600.0.1360.768" width="282" height="176" />
    <size key="find.popup.1600.0.1600.900" width="1226" height="682" />
    <size key="GridCell.Tab.0.left.1600.0.1366.768" width="534" height="656" />
    <size key="GridCell.Tab.0.center.1600.0.1366.768" width="534" height="656" />
    <size key="GridCell.Tab.0.right.1600.0.1366.768" width="534" height="656" />
    <size key="GridCell.Tab.0.bottom.1600.0.1366.768" width="534" height="656" />
    <size key="find.popup.1600.0.1366.768" width="1226" height="713" />
    <size key="find.popup.0.0.2560.1440" width="670" height="996" />
  </component>
  <component name="WindowManager">
    <frame x="1280" y="32" width="1280" height="1408" />
  </component>
  <component name="WindowStateApplicationService">
    <state width="818" height="437" key="ShowUsagesActions.dimensionServiceKey" timestamp="1746035111636">
      <screen x="0" y="0" width="1600" height="900" />
    </state>
    <state width="1309" height="684" key="ShowUsagesActions.dimensionServiceKey.ideScale=110" timestamp="1749434711949">
      <screen x="0" y="32" width="2560" height="1408" />
    </state>
    <state width="1309" height="684" key="ShowUsagesActions.dimensionServiceKey.ideScale=110/0.32.2560.1408" timestamp="1749434711949" />
    <state width="818" height="437" key="ShowUsagesActions.dimensionServiceKey/0.0.1600.900/1600.0.1366.768" timestamp="1746035111636" />
    <state x="640" y="416" width="1280" height="768" key="WELCOME_SCREEN" timestamp="1748812120930">
      <screen x="0" y="32" width="1280" height="768" />
    </state>
    <state x="640" y="416" width="1280" height="768" key="WELCOME_SCREEN/0.32.1280.768" timestamp="1748812120930" />
  </component>
</application>